{
  "attack_type": "sqli",
  "total_samples": 1357,
  "train_count": 949,
  "val_count": 203,
  "test_count": 205,
  "positive_ratio": {
    "train": 0.7144362486828241,
    "val": 0.7044334975369458,
    "test": 0.7073170731707317
  }
}